 https://www.ynetnews.com/article/Skz1ArUoP  , -
 https://www.ynetnews.com/article/HJFxeaUjv  , -
 https://www.ynetnews.com/article/Bycl3dUjw  , -
 https://www.ynetnews.com/article/BJ1g3PUov  , -
 https://www.ynetnews.com/article/YOQCSLYJP  , -
 https://www.ynetnews.com/article/ry3jdw8sD  , -
 https://www.ynetnews.com/article/SJ5cqSUsP  , 8, 9
 https://www.ynetnews.com/article/BkeCYVUjw#autoplay  , -
 https://www.ynetnews.com/article/SyYWWG8sP  , -
 https://www.ynetnews.com/article/SkPLMg8oD  , -
 https://www.ynetnews.com/article/Syg1hUrsD  , 9, 4
 https://www.ynetnews.com/article/BkNdBBrsv  , -
 https://www.ynetnews.com/article/C9JH8MHUF  , 4, 4
 https://www.ynetnews.com/article/SJVNSQBjw  , 2, 0
 https://www.ynetnews.com/article/r1M80zHsD  , -
 https://www.ynetnews.com/article/rkG7GfBjw  , 2, 0
 https://www.ynetnews.com/article/0YZ99ETUR  , 4, 8
 https://www.ynetnews.com/article/S14BfJHiv  , -
 https://www.ynetnews.com/article/HJ2geR4sP  , 3, 7
 https://www.ynetnews.com/article/SJCBU34sP  , -
 https://www.ynetnews.com/article/SykDU7VsD  , 3, 0
 https://www.ynetnews.com/article/BkLtxfVjw  , 8, 0
 https://www.ynetnews.com/article/Hk97uZ4iP  , 4, 9
 https://www.ynetnews.com/article/rJespkViw  , -
 https://www.ynetnews.com/article/S100Lth7jD  , -
 https://www.ynetnews.com/article/BkYsNqQsP  , -
 https://www.ynetnews.com/article/KS5QJEK33  , -
 https://www.ynetnews.com/article/HkGdUcQiP  , 3, 0
 https://www.ynetnews.com/article/B1iWAuQoP  , -
 https://www.ynetnews.com/article/S1d1ovmiv  , -
 https://www.ynetnews.com/article/H155sAMoD  , -
 https://www.ynetnews.com/article/HkT6DqfoP  , 2, 0
 https://www.ynetnews.com/article/SkznETMsD  , -
 https://www.ynetnews.com/article/S1I9aFzoP  , 3, 0
 https://www.ynetnews.com/article/BkLLKvzov  , -
 https://www.ynetnews.com/article/r1tzjvfjD  , -
 https://www.ynetnews.com/article/S1hXJ9zoP  , -
 https://www.ynetnews.com/article/HJihPLzsD  , -
 https://www.ynetnews.com/article/Hy3I0PGow  , 9, 2
 https://www.ynetnews.com/article/S1fnv8GiD  , -
 https://www.ynetnews.com/article/HJtKpEMsv  , -
 https://www.ynetnews.com/article/BJ4P1VMow  , -
 https://www.ynetnews.com/article/SJ9QKfGiP  , -
 https://www.ynetnews.com/article/rJMCbzMoP  , -
 https://www.ynetnews.com/article/BJqvm4biP#autoplay  , -
 https://www.ynetnews.com/article/B16HRIZiv#autoplay  , -
 https://www.ynetnews.com/article/rkY6g00ZiP  , -
 https://www.ynetnews.com/article/rks3ZgbsP  , -
 https://www.ynetnews.com/article/HybMp7bjD  , -
 https://www.ynetnews.com/article/r1CUdXbjv  , 2, 0
 https://www.ynetnews.com/article/ByQrLf11sw  , 9, 0
 https://www.ynetnews.com/article/B1dxXDc5w  , 2, 0
 https://www.ynetnews.com/article/BkY11Py11oD  , -
 https://www.ynetnews.com/article/r1A7GTxoD  , -
 https://www.ynetnews.com/article/Bk11pT3gjP  , -
 https://www.ynetnews.com/article/rkehp9gsv  , -
 https://www.ynetnews.com/article/Sye9k11gsD  , 2, 0
 https://www.ynetnews.com/article/ryZBV2kiP  , -
 https://www.ynetnews.com/article/r111ZtuJow  , 3, 0
 https://www.ynetnews.com/article/rkFX4Oq9P  , -
